{
  "displayName": "Consent Platform",
  "name": "consent-platform",
  "version": "0.0.1",
  "description": "The industry standard, patent-protected, desktop, mobile and in-app consent solution for compliance with ePrivacy Directive (“Cookie Law”), PIPEDA, CalOPPA and more.",
  "author": {
    "name": "Evidon"
  },
  "iconPath": "src/view/evidon.adobelaunch.svg",
  "viewBasePath": "src/view/",
  "configuration": {
    "viewPath": "configuration/configuration.html",
    "schema": {
      "$schema": "http://json-schema.org/draft-04/schema#",
      "type": "object",
      "properties": {}
    }
  },
  "events": [
    {
      "displayName": "Page Load",
      "name": "page-load",
      "libPath": "src/lib/events/pageLoad.js",
      "schema": {
        "$schema": "http://json-schema.org/draft-04/schema#",
        "type": "object",
        "properties": {}
      }
    }
  ],
  "conditions": [  ],
  "actions": [
    {
      "displayName": "Load Script",
      "name": "load-script",
      "libPath": "src/lib/actions/loadScript.js",
      "schema": {
        "$schema": "http://json-schema.org/draft-04/schema#",
        "type": "object",
        "properties": {}
      }
    }
  ],
  "dataElements": [ ]
}
